/home/kevin/Downloads/CroppedYalecopy/yaleB11/yaleB11_P00A+000E+00.pgm,0
/home/kevin/Downloads/CroppedYalecopy/yaleB11/yaleB11_P00A+000E-20.pgm,0
/home/kevin/Downloads/CroppedYalecopy/yaleB11/yaleB11_P00A+000E+20.pgm,0
/home/kevin/Downloads/CroppedYalecopy/yaleB11/yaleB11_P00A+000E-35.pgm,0
/home/kevin/Downloads/CroppedYalecopy/yaleB11/yaleB11_P00A+000E+45.pgm,0
/home/kevin/Downloads/CroppedYalecopy/yaleB11/yaleB11_P00A-005E-10.pgm,0
/home/kevin/Downloads/CroppedYalecopy/yaleB11/yaleB11_P00A-005E+10.pgm,0
/home/kevin/Downloads/CroppedYalecopy/yaleB11/yaleB11_P00A+005E-10.pgm,0
/home/kevin/Downloads/CroppedYalecopy/yaleB11/yaleB11_P00A+005E+10.pgm,0
/home/kevin/Downloads/CroppedYalecopy/yaleB11/yaleB11_P00A-010E+00.pgm,0
/home/kevin/Downloads/CroppedYalecopy/yaleB11/yaleB11_P00A+010E+00.pgm,0
/home/kevin/Downloads/CroppedYalecopy/yaleB11/yaleB11_P00A-010E-20.pgm,0
/home/kevin/Downloads/CroppedYalecopy/yaleB11/yaleB11_P00A+010E-20.pgm,0
/home/kevin/Downloads/CroppedYalecopy/yaleB11/yaleB11_P00A-015E+20.pgm,0
/home/kevin/Downloads/CroppedYalecopy/yaleB11/yaleB11_P00A+015E+20.pgm,0
/home/kevin/Downloads/CroppedYalecopy/yaleB11/yaleB11_P00A-020E-10.pgm,0
/home/kevin/Downloads/CroppedYalecopy/yaleB11/yaleB11_P00A-020E+10.pgm,0
/home/kevin/Downloads/CroppedYalecopy/yaleB11/yaleB11_P00A+020E-10.pgm,0
/home/kevin/Downloads/CroppedYalecopy/yaleB11/yaleB11_P00A+020E+10.pgm,0
/home/kevin/Downloads/CroppedYalecopy/yaleB11/yaleB11_P00A+020E-40.pgm,0
/home/kevin/Downloads/CroppedYalecopy/yaleB11/yaleB11_P00A-025E+00.pgm,0
/home/kevin/Downloads/CroppedYalecopy/yaleB11/yaleB11_P00A+025E+00.pgm,0
/home/kevin/Downloads/CroppedYalecopy/yaleB11/yaleB11_P00A-035E+15.pgm,0
/home/kevin/Downloads/CroppedYalecopy/yaleB11/yaleB11_P00A+035E+15.pgm,0
/home/kevin/Downloads/CroppedYalecopy/yaleB11/yaleB11_P00A-035E-20.pgm,0
/home/kevin/Downloads/CroppedYalecopy/yaleB11/yaleB11_P00A+035E-20.pgm,0
/home/kevin/Downloads/CroppedYalecopy/yaleB11/yaleB11_P00A-035E+40.pgm,0
/home/kevin/Downloads/CroppedYalecopy/yaleB11/yaleB11_P00A+035E+40.pgm,0
/home/kevin/Downloads/CroppedYalecopy/yaleB12/yaleB12_P00A+000E+00.pgm,1
/home/kevin/Downloads/CroppedYalecopy/yaleB12/yaleB12_P00A+000E-20.pgm,1
/home/kevin/Downloads/CroppedYalecopy/yaleB12/yaleB12_P00A+000E+20.pgm,1
/home/kevin/Downloads/CroppedYalecopy/yaleB12/yaleB12_P00A+000E-35.pgm,1
/home/kevin/Downloads/CroppedYalecopy/yaleB12/yaleB12_P00A+000E+45.pgm,1
/home/kevin/Downloads/CroppedYalecopy/yaleB12/yaleB12_P00A-005E-10.pgm,1
/home/kevin/Downloads/CroppedYalecopy/yaleB12/yaleB12_P00A-005E+10.pgm,1
/home/kevin/Downloads/CroppedYalecopy/yaleB12/yaleB12_P00A+005E-10.pgm,1
/home/kevin/Downloads/CroppedYalecopy/yaleB12/yaleB12_P00A+005E+10.pgm,1
/home/kevin/Downloads/CroppedYalecopy/yaleB12/yaleB12_P00A-010E+00.pgm,1
/home/kevin/Downloads/CroppedYalecopy/yaleB12/yaleB12_P00A+010E+00.pgm,1
/home/kevin/Downloads/CroppedYalecopy/yaleB12/yaleB12_P00A-010E-20.pgm,1
/home/kevin/Downloads/CroppedYalecopy/yaleB12/yaleB12_P00A+010E-20.pgm,1
/home/kevin/Downloads/CroppedYalecopy/yaleB12/yaleB12_P00A-015E+20.pgm,1
/home/kevin/Downloads/CroppedYalecopy/yaleB12/yaleB12_P00A+015E+20.pgm,1
/home/kevin/Downloads/CroppedYalecopy/yaleB12/yaleB12_P00A-020E-10.pgm,1
/home/kevin/Downloads/CroppedYalecopy/yaleB12/yaleB12_P00A-020E+10.pgm,1
/home/kevin/Downloads/CroppedYalecopy/yaleB12/yaleB12_P00A+020E-10.pgm,1
/home/kevin/Downloads/CroppedYalecopy/yaleB12/yaleB12_P00A+020E+10.pgm,1
/home/kevin/Downloads/CroppedYalecopy/yaleB12/yaleB12_P00A-020E-40.pgm,1
/home/kevin/Downloads/CroppedYalecopy/yaleB12/yaleB12_P00A+020E-40.pgm,1
/home/kevin/Downloads/CroppedYalecopy/yaleB12/yaleB12_P00A-025E+00.pgm,1
/home/kevin/Downloads/CroppedYalecopy/yaleB12/yaleB12_P00A+025E+00.pgm,1
/home/kevin/Downloads/CroppedYalecopy/yaleB12/yaleB12_P00A-035E+15.pgm,1
/home/kevin/Downloads/CroppedYalecopy/yaleB12/yaleB12_P00A+035E+15.pgm,1
/home/kevin/Downloads/CroppedYalecopy/yaleB12/yaleB12_P00A+035E-20.pgm,1
/home/kevin/Downloads/CroppedYalecopy/yaleB12/yaleB12_P00A+035E+40.pgm,1
/home/kevin/Downloads/CroppedYalecopy/yaleB12/yaleB12_P00A+050E+00.pgm,1
/home/kevin/Downloads/CroppedYalecopy/yaleB13/yaleB13_P00A+000E+00.pgm,2
/home/kevin/Downloads/CroppedYalecopy/yaleB13/yaleB13_P00A+000E-20.pgm,2
/home/kevin/Downloads/CroppedYalecopy/yaleB13/yaleB13_P00A+000E+20.pgm,2
/home/kevin/Downloads/CroppedYalecopy/yaleB13/yaleB13_P00A+000E-35.pgm,2
/home/kevin/Downloads/CroppedYalecopy/yaleB13/yaleB13_P00A+000E+45.pgm,2
/home/kevin/Downloads/CroppedYalecopy/yaleB13/yaleB13_P00A-005E-10.pgm,2
/home/kevin/Downloads/CroppedYalecopy/yaleB13/yaleB13_P00A-005E+10.pgm,2
/home/kevin/Downloads/CroppedYalecopy/yaleB13/yaleB13_P00A+005E-10.pgm,2
/home/kevin/Downloads/CroppedYalecopy/yaleB13/yaleB13_P00A+005E+10.pgm,2
/home/kevin/Downloads/CroppedYalecopy/yaleB13/yaleB13_P00A-010E+00.pgm,2
/home/kevin/Downloads/CroppedYalecopy/yaleB13/yaleB13_P00A+010E+00.pgm,2
/home/kevin/Downloads/CroppedYalecopy/yaleB13/yaleB13_P00A-010E-20.pgm,2
/home/kevin/Downloads/CroppedYalecopy/yaleB13/yaleB13_P00A+010E-20.pgm,2
/home/kevin/Downloads/CroppedYalecopy/yaleB13/yaleB13_P00A-015E+20.pgm,2
/home/kevin/Downloads/CroppedYalecopy/yaleB13/yaleB13_P00A+015E+20.pgm,2
/home/kevin/Downloads/CroppedYalecopy/yaleB13/yaleB13_P00A-020E-10.pgm,2
/home/kevin/Downloads/CroppedYalecopy/yaleB13/yaleB13_P00A-020E+10.pgm,2
/home/kevin/Downloads/CroppedYalecopy/yaleB13/yaleB13_P00A+020E-10.pgm,2
/home/kevin/Downloads/CroppedYalecopy/yaleB13/yaleB13_P00A+020E+10.pgm,2
/home/kevin/Downloads/CroppedYalecopy/yaleB13/yaleB13_P00A+020E-40.pgm,2
/home/kevin/Downloads/CroppedYalecopy/yaleB13/yaleB13_P00A-025E+00.pgm,2
/home/kevin/Downloads/CroppedYalecopy/yaleB13/yaleB13_P00A+025E+00.pgm,2
/home/kevin/Downloads/CroppedYalecopy/yaleB13/yaleB13_P00A-035E+15.pgm,2
/home/kevin/Downloads/CroppedYalecopy/yaleB13/yaleB13_P00A+035E+15.pgm,2
/home/kevin/Downloads/CroppedYalecopy/yaleB13/yaleB13_P00A-035E+40.pgm,2
/home/kevin/Downloads/CroppedYalecopy/yaleB13/yaleB13_P00A+035E+40.pgm,2
/home/kevin/Downloads/CroppedYalecopy/yaleB13/yaleB13_P00A+050E+00.pgm,2
/home/kevin/Downloads/CroppedYalecopy/yaleB13/yaleB13_P00A+060E+20.pgm,2
/home/kevin/Downloads/CroppedYalecopy/yaleB15/yaleB15_P00A+000E+00.pgm,3
/home/kevin/Downloads/CroppedYalecopy/yaleB15/yaleB15_P00A+000E-20.pgm,3
/home/kevin/Downloads/CroppedYalecopy/yaleB15/yaleB15_P00A+000E+20.pgm,3
/home/kevin/Downloads/CroppedYalecopy/yaleB15/yaleB15_P00A+000E-35.pgm,3
/home/kevin/Downloads/CroppedYalecopy/yaleB15/yaleB15_P00A+000E+45.pgm,3
/home/kevin/Downloads/CroppedYalecopy/yaleB15/yaleB15_P00A-005E-10.pgm,3
/home/kevin/Downloads/CroppedYalecopy/yaleB15/yaleB15_P00A-005E+10.pgm,3
/home/kevin/Downloads/CroppedYalecopy/yaleB15/yaleB15_P00A+005E-10.pgm,3
/home/kevin/Downloads/CroppedYalecopy/yaleB15/yaleB15_P00A+005E+10.pgm,3
/home/kevin/Downloads/CroppedYalecopy/yaleB15/yaleB15_P00A-010E+00.pgm,3
/home/kevin/Downloads/CroppedYalecopy/yaleB15/yaleB15_P00A+010E+00.pgm,3
/home/kevin/Downloads/CroppedYalecopy/yaleB15/yaleB15_P00A-010E-20.pgm,3
/home/kevin/Downloads/CroppedYalecopy/yaleB15/yaleB15_P00A+010E-20.pgm,3
/home/kevin/Downloads/CroppedYalecopy/yaleB15/yaleB15_P00A-015E+20.pgm,3
/home/kevin/Downloads/CroppedYalecopy/yaleB15/yaleB15_P00A+015E+20.pgm,3
/home/kevin/Downloads/CroppedYalecopy/yaleB15/yaleB15_P00A-020E-10.pgm,3
/home/kevin/Downloads/CroppedYalecopy/yaleB15/yaleB15_P00A-020E+10.pgm,3
/home/kevin/Downloads/CroppedYalecopy/yaleB15/yaleB15_P00A+020E-10.pgm,3
/home/kevin/Downloads/CroppedYalecopy/yaleB15/yaleB15_P00A+020E+10.pgm,3
/home/kevin/Downloads/CroppedYalecopy/yaleB15/yaleB15_P00A+020E-40.pgm,3
/home/kevin/Downloads/CroppedYalecopy/yaleB15/yaleB15_P00A-025E+00.pgm,3
/home/kevin/Downloads/CroppedYalecopy/yaleB15/yaleB15_P00A+025E+00.pgm,3
/home/kevin/Downloads/CroppedYalecopy/yaleB15/yaleB15_P00A-035E+15.pgm,3
/home/kevin/Downloads/CroppedYalecopy/yaleB15/yaleB15_P00A+035E+15.pgm,3
/home/kevin/Downloads/CroppedYalecopy/yaleB15/yaleB15_P00A+035E-20.pgm,3
/home/kevin/Downloads/CroppedYalecopy/yaleB15/yaleB15_P00A+035E+40.pgm,3
/home/kevin/Downloads/CroppedYalecopy/yaleB15/yaleB15_P00A+035E+65.pgm,3
/home/kevin/Downloads/CroppedYalecopy/yaleB15/yaleB15_P00A+050E+00.pgm,3
/home/kevin/Downloads/CroppedYalecopy/yaleB16/yaleB16_P00A+000E+00.pgm,4
/home/kevin/Downloads/CroppedYalecopy/yaleB16/yaleB16_P00A+000E-20.pgm,4
/home/kevin/Downloads/CroppedYalecopy/yaleB16/yaleB16_P00A+000E+20.pgm,4
/home/kevin/Downloads/CroppedYalecopy/yaleB16/yaleB16_P00A+000E-35.pgm,4
/home/kevin/Downloads/CroppedYalecopy/yaleB16/yaleB16_P00A+000E+45.pgm,4
/home/kevin/Downloads/CroppedYalecopy/yaleB16/yaleB16_P00A-005E-10.pgm,4
/home/kevin/Downloads/CroppedYalecopy/yaleB16/yaleB16_P00A-005E+10.pgm,4
/home/kevin/Downloads/CroppedYalecopy/yaleB16/yaleB16_P00A+005E-10.pgm,4
/home/kevin/Downloads/CroppedYalecopy/yaleB16/yaleB16_P00A+005E+10.pgm,4
/home/kevin/Downloads/CroppedYalecopy/yaleB16/yaleB16_P00A+010E+00.pgm,4
/home/kevin/Downloads/CroppedYalecopy/yaleB16/yaleB16_P00A-010E-20.pgm,4
/home/kevin/Downloads/CroppedYalecopy/yaleB16/yaleB16_P00A+010E-20.pgm,4
/home/kevin/Downloads/CroppedYalecopy/yaleB16/yaleB16_P00A-015E+20.pgm,4
/home/kevin/Downloads/CroppedYalecopy/yaleB16/yaleB16_P00A+015E+20.pgm,4
/home/kevin/Downloads/CroppedYalecopy/yaleB16/yaleB16_P00A-020E-10.pgm,4
/home/kevin/Downloads/CroppedYalecopy/yaleB16/yaleB16_P00A-020E+10.pgm,4
/home/kevin/Downloads/CroppedYalecopy/yaleB16/yaleB16_P00A+020E-10.pgm,4
/home/kevin/Downloads/CroppedYalecopy/yaleB16/yaleB16_P00A+020E+10.pgm,4
/home/kevin/Downloads/CroppedYalecopy/yaleB16/yaleB16_P00A-020E-40.pgm,4
/home/kevin/Downloads/CroppedYalecopy/yaleB16/yaleB16_P00A+020E-40.pgm,4
/home/kevin/Downloads/CroppedYalecopy/yaleB16/yaleB16_P00A-025E+00.pgm,4
/home/kevin/Downloads/CroppedYalecopy/yaleB16/yaleB16_P00A+025E+00.pgm,4
/home/kevin/Downloads/CroppedYalecopy/yaleB16/yaleB16_P00A-035E+15.pgm,4
/home/kevin/Downloads/CroppedYalecopy/yaleB16/yaleB16_P00A+035E+15.pgm,4
/home/kevin/Downloads/CroppedYalecopy/yaleB16/yaleB16_P00A-035E-20.pgm,4
/home/kevin/Downloads/CroppedYalecopy/yaleB16/yaleB16_P00A+035E-20.pgm,4
/home/kevin/Downloads/CroppedYalecopy/yaleB16/yaleB16_P00A+035E+40.pgm,4
/home/kevin/Downloads/CroppedYalecopy/yaleB16/yaleB16_P00A+050E+00.pgm,4
/home/kevin/Downloads/CroppedYalecopy/yaleB17/yaleB17_P00A+000E+00.pgm,5
/home/kevin/Downloads/CroppedYalecopy/yaleB17/yaleB17_P00A+000E-20.pgm,5
/home/kevin/Downloads/CroppedYalecopy/yaleB17/yaleB17_P00A+000E+20.pgm,5
/home/kevin/Downloads/CroppedYalecopy/yaleB17/yaleB17_P00A+000E-35.pgm,5
/home/kevin/Downloads/CroppedYalecopy/yaleB17/yaleB17_P00A+000E+45.pgm,5
/home/kevin/Downloads/CroppedYalecopy/yaleB17/yaleB17_P00A-005E-10.pgm,5
/home/kevin/Downloads/CroppedYalecopy/yaleB17/yaleB17_P00A-005E+10.pgm,5
/home/kevin/Downloads/CroppedYalecopy/yaleB17/yaleB17_P00A+005E-10.pgm,5
/home/kevin/Downloads/CroppedYalecopy/yaleB17/yaleB17_P00A+005E+10.pgm,5
/home/kevin/Downloads/CroppedYalecopy/yaleB17/yaleB17_P00A+010E+00.pgm,5
/home/kevin/Downloads/CroppedYalecopy/yaleB17/yaleB17_P00A-010E-20.pgm,5
/home/kevin/Downloads/CroppedYalecopy/yaleB17/yaleB17_P00A+010E-20.pgm,5
/home/kevin/Downloads/CroppedYalecopy/yaleB17/yaleB17_P00A-015E+20.pgm,5
/home/kevin/Downloads/CroppedYalecopy/yaleB17/yaleB17_P00A+015E+20.pgm,5
/home/kevin/Downloads/CroppedYalecopy/yaleB17/yaleB17_P00A-020E-10.pgm,5
/home/kevin/Downloads/CroppedYalecopy/yaleB17/yaleB17_P00A-020E+10.pgm,5
/home/kevin/Downloads/CroppedYalecopy/yaleB17/yaleB17_P00A+020E-10.pgm,5
/home/kevin/Downloads/CroppedYalecopy/yaleB17/yaleB17_P00A+020E+10.pgm,5
/home/kevin/Downloads/CroppedYalecopy/yaleB17/yaleB17_P00A-020E-40.pgm,5
/home/kevin/Downloads/CroppedYalecopy/yaleB17/yaleB17_P00A+020E-40.pgm,5
/home/kevin/Downloads/CroppedYalecopy/yaleB17/yaleB17_P00A-025E+00.pgm,5
/home/kevin/Downloads/CroppedYalecopy/yaleB17/yaleB17_P00A+025E+00.pgm,5
/home/kevin/Downloads/CroppedYalecopy/yaleB17/yaleB17_P00A-035E+15.pgm,5
/home/kevin/Downloads/CroppedYalecopy/yaleB17/yaleB17_P00A+035E+15.pgm,5
/home/kevin/Downloads/CroppedYalecopy/yaleB17/yaleB17_P00A-035E-20.pgm,5
/home/kevin/Downloads/CroppedYalecopy/yaleB17/yaleB17_P00A+035E-20.pgm,5
/home/kevin/Downloads/CroppedYalecopy/yaleB17/yaleB17_P00A-035E+40.pgm,5
/home/kevin/Downloads/CroppedYalecopy/yaleB17/yaleB17_P00A+035E+40.pgm,5
/home/kevin/Downloads/CroppedYalecopy/yaleB18/yaleB18_P00A+000E+00.pgm,6
/home/kevin/Downloads/CroppedYalecopy/yaleB18/yaleB18_P00A+000E-20.pgm,6
/home/kevin/Downloads/CroppedYalecopy/yaleB18/yaleB18_P00A+000E+20.pgm,6
/home/kevin/Downloads/CroppedYalecopy/yaleB18/yaleB18_P00A+000E-35.pgm,6
/home/kevin/Downloads/CroppedYalecopy/yaleB18/yaleB18_P00A+000E+45.pgm,6
/home/kevin/Downloads/CroppedYalecopy/yaleB18/yaleB18_P00A-005E-10.pgm,6
/home/kevin/Downloads/CroppedYalecopy/yaleB18/yaleB18_P00A-005E+10.pgm,6
/home/kevin/Downloads/CroppedYalecopy/yaleB18/yaleB18_P00A+005E-10.pgm,6
/home/kevin/Downloads/CroppedYalecopy/yaleB18/yaleB18_P00A+005E+10.pgm,6
/home/kevin/Downloads/CroppedYalecopy/yaleB18/yaleB18_P00A+010E+00.pgm,6
/home/kevin/Downloads/CroppedYalecopy/yaleB18/yaleB18_P00A-010E-20.pgm,6
/home/kevin/Downloads/CroppedYalecopy/yaleB18/yaleB18_P00A+010E-20.pgm,6
/home/kevin/Downloads/CroppedYalecopy/yaleB18/yaleB18_P00A-015E+20.pgm,6
/home/kevin/Downloads/CroppedYalecopy/yaleB18/yaleB18_P00A+015E+20.pgm,6
/home/kevin/Downloads/CroppedYalecopy/yaleB18/yaleB18_P00A-020E-10.pgm,6
/home/kevin/Downloads/CroppedYalecopy/yaleB18/yaleB18_P00A-020E+10.pgm,6
/home/kevin/Downloads/CroppedYalecopy/yaleB18/yaleB18_P00A+020E-10.pgm,6
/home/kevin/Downloads/CroppedYalecopy/yaleB18/yaleB18_P00A+020E+10.pgm,6
/home/kevin/Downloads/CroppedYalecopy/yaleB18/yaleB18_P00A+020E-40.pgm,6
/home/kevin/Downloads/CroppedYalecopy/yaleB18/yaleB18_P00A-025E+00.pgm,6
/home/kevin/Downloads/CroppedYalecopy/yaleB18/yaleB18_P00A+025E+00.pgm,6
/home/kevin/Downloads/CroppedYalecopy/yaleB18/yaleB18_P00A-035E+15.pgm,6
/home/kevin/Downloads/CroppedYalecopy/yaleB18/yaleB18_P00A+035E+15.pgm,6
/home/kevin/Downloads/CroppedYalecopy/yaleB18/yaleB18_P00A-035E-20.pgm,6
/home/kevin/Downloads/CroppedYalecopy/yaleB18/yaleB18_P00A+035E-20.pgm,6
/home/kevin/Downloads/CroppedYalecopy/yaleB18/yaleB18_P00A-035E+40.pgm,6
/home/kevin/Downloads/CroppedYalecopy/yaleB18/yaleB18_P00A+035E+40.pgm,6
/home/kevin/Downloads/CroppedYalecopy/yaleB18/yaleB18_P00A+050E+00.pgm,6
/home/kevin/Downloads/CroppedYalecopy/yaleB19/yaleB19_P00A+000E+00.pgm,7
/home/kevin/Downloads/CroppedYalecopy/yaleB19/yaleB19_P00A+000E-20.pgm,7
/home/kevin/Downloads/CroppedYalecopy/yaleB19/yaleB19_P00A+000E+20.pgm,7
/home/kevin/Downloads/CroppedYalecopy/yaleB19/yaleB19_P00A+000E-35.pgm,7
/home/kevin/Downloads/CroppedYalecopy/yaleB19/yaleB19_P00A+000E+45.pgm,7
/home/kevin/Downloads/CroppedYalecopy/yaleB19/yaleB19_P00A-005E-10.pgm,7
/home/kevin/Downloads/CroppedYalecopy/yaleB19/yaleB19_P00A-005E+10.pgm,7
/home/kevin/Downloads/CroppedYalecopy/yaleB19/yaleB19_P00A+005E-10.pgm,7
/home/kevin/Downloads/CroppedYalecopy/yaleB19/yaleB19_P00A+005E+10.pgm,7
/home/kevin/Downloads/CroppedYalecopy/yaleB19/yaleB19_P00A-010E+00.pgm,7
/home/kevin/Downloads/CroppedYalecopy/yaleB19/yaleB19_P00A+010E+00.pgm,7
/home/kevin/Downloads/CroppedYalecopy/yaleB19/yaleB19_P00A-010E-20.pgm,7
/home/kevin/Downloads/CroppedYalecopy/yaleB19/yaleB19_P00A+010E-20.pgm,7
/home/kevin/Downloads/CroppedYalecopy/yaleB19/yaleB19_P00A-015E+20.pgm,7
/home/kevin/Downloads/CroppedYalecopy/yaleB19/yaleB19_P00A+015E+20.pgm,7
/home/kevin/Downloads/CroppedYalecopy/yaleB19/yaleB19_P00A-020E-10.pgm,7
/home/kevin/Downloads/CroppedYalecopy/yaleB19/yaleB19_P00A-020E+10.pgm,7
/home/kevin/Downloads/CroppedYalecopy/yaleB19/yaleB19_P00A+020E-10.pgm,7
/home/kevin/Downloads/CroppedYalecopy/yaleB19/yaleB19_P00A+020E+10.pgm,7
/home/kevin/Downloads/CroppedYalecopy/yaleB19/yaleB19_P00A+020E-40.pgm,7
/home/kevin/Downloads/CroppedYalecopy/yaleB19/yaleB19_P00A-025E+00.pgm,7
/home/kevin/Downloads/CroppedYalecopy/yaleB19/yaleB19_P00A+025E+00.pgm,7
/home/kevin/Downloads/CroppedYalecopy/yaleB19/yaleB19_P00A-035E+15.pgm,7
/home/kevin/Downloads/CroppedYalecopy/yaleB19/yaleB19_P00A+035E+15.pgm,7
/home/kevin/Downloads/CroppedYalecopy/yaleB19/yaleB19_P00A+035E-20.pgm,7
/home/kevin/Downloads/CroppedYalecopy/yaleB19/yaleB19_P00A-035E+40.pgm,7
/home/kevin/Downloads/CroppedYalecopy/yaleB19/yaleB19_P00A+035E+40.pgm,7
/home/kevin/Downloads/CroppedYalecopy/yaleB19/yaleB19_P00A+060E+20.pgm,7
/home/kevin/Downloads/CroppedYalecopy/yaleB20/yaleB20_P00A+000E+00.pgm,8
/home/kevin/Downloads/CroppedYalecopy/yaleB20/yaleB20_P00A+000E-20.pgm,8
/home/kevin/Downloads/CroppedYalecopy/yaleB20/yaleB20_P00A+000E+20.pgm,8
/home/kevin/Downloads/CroppedYalecopy/yaleB20/yaleB20_P00A+000E-35.pgm,8
/home/kevin/Downloads/CroppedYalecopy/yaleB20/yaleB20_P00A+000E+45.pgm,8
/home/kevin/Downloads/CroppedYalecopy/yaleB20/yaleB20_P00A-005E-10.pgm,8
/home/kevin/Downloads/CroppedYalecopy/yaleB20/yaleB20_P00A-005E+10.pgm,8
/home/kevin/Downloads/CroppedYalecopy/yaleB20/yaleB20_P00A+005E-10.pgm,8
/home/kevin/Downloads/CroppedYalecopy/yaleB20/yaleB20_P00A+005E+10.pgm,8
/home/kevin/Downloads/CroppedYalecopy/yaleB20/yaleB20_P00A-010E+00.pgm,8
/home/kevin/Downloads/CroppedYalecopy/yaleB20/yaleB20_P00A+010E+00.pgm,8
/home/kevin/Downloads/CroppedYalecopy/yaleB20/yaleB20_P00A-010E-20.pgm,8
/home/kevin/Downloads/CroppedYalecopy/yaleB20/yaleB20_P00A+010E-20.pgm,8
/home/kevin/Downloads/CroppedYalecopy/yaleB20/yaleB20_P00A-015E+20.pgm,8
/home/kevin/Downloads/CroppedYalecopy/yaleB20/yaleB20_P00A+015E+20.pgm,8
/home/kevin/Downloads/CroppedYalecopy/yaleB20/yaleB20_P00A-020E-10.pgm,8
/home/kevin/Downloads/CroppedYalecopy/yaleB20/yaleB20_P00A-020E+10.pgm,8
/home/kevin/Downloads/CroppedYalecopy/yaleB20/yaleB20_P00A+020E-10.pgm,8
/home/kevin/Downloads/CroppedYalecopy/yaleB20/yaleB20_P00A+020E+10.pgm,8
/home/kevin/Downloads/CroppedYalecopy/yaleB20/yaleB20_P00A-020E-40.pgm,8
/home/kevin/Downloads/CroppedYalecopy/yaleB20/yaleB20_P00A+020E-40.pgm,8
/home/kevin/Downloads/CroppedYalecopy/yaleB20/yaleB20_P00A-025E+00.pgm,8
/home/kevin/Downloads/CroppedYalecopy/yaleB20/yaleB20_P00A+025E+00.pgm,8
/home/kevin/Downloads/CroppedYalecopy/yaleB20/yaleB20_P00A-035E+15.pgm,8
/home/kevin/Downloads/CroppedYalecopy/yaleB20/yaleB20_P00A+035E+15.pgm,8
/home/kevin/Downloads/CroppedYalecopy/yaleB20/yaleB20_P00A-035E-20.pgm,8
/home/kevin/Downloads/CroppedYalecopy/yaleB20/yaleB20_P00A+035E-20.pgm,8
/home/kevin/Downloads/CroppedYalecopy/yaleB20/yaleB20_P00A+050E+00.pgm,8
/home/kevin/Downloads/CroppedYalecopy/yaleB21/yaleB21_P00A+000E+00.pgm,9
/home/kevin/Downloads/CroppedYalecopy/yaleB21/yaleB21_P00A+000E-20.pgm,9
/home/kevin/Downloads/CroppedYalecopy/yaleB21/yaleB21_P00A+000E+20.pgm,9
/home/kevin/Downloads/CroppedYalecopy/yaleB21/yaleB21_P00A+000E-35.pgm,9
/home/kevin/Downloads/CroppedYalecopy/yaleB21/yaleB21_P00A+000E+45.pgm,9
/home/kevin/Downloads/CroppedYalecopy/yaleB21/yaleB21_P00A-005E-10.pgm,9
/home/kevin/Downloads/CroppedYalecopy/yaleB21/yaleB21_P00A-005E+10.pgm,9
/home/kevin/Downloads/CroppedYalecopy/yaleB21/yaleB21_P00A+005E-10.pgm,9
/home/kevin/Downloads/CroppedYalecopy/yaleB21/yaleB21_P00A+005E+10.pgm,9
/home/kevin/Downloads/CroppedYalecopy/yaleB21/yaleB21_P00A-010E+00.pgm,9
/home/kevin/Downloads/CroppedYalecopy/yaleB21/yaleB21_P00A+010E+00.pgm,9
/home/kevin/Downloads/CroppedYalecopy/yaleB21/yaleB21_P00A-010E-20.pgm,9
/home/kevin/Downloads/CroppedYalecopy/yaleB21/yaleB21_P00A+010E-20.pgm,9
/home/kevin/Downloads/CroppedYalecopy/yaleB21/yaleB21_P00A-015E+20.pgm,9
/home/kevin/Downloads/CroppedYalecopy/yaleB21/yaleB21_P00A+015E+20.pgm,9
/home/kevin/Downloads/CroppedYalecopy/yaleB21/yaleB21_P00A-020E-10.pgm,9
/home/kevin/Downloads/CroppedYalecopy/yaleB21/yaleB21_P00A-020E+10.pgm,9
/home/kevin/Downloads/CroppedYalecopy/yaleB21/yaleB21_P00A+020E-10.pgm,9
/home/kevin/Downloads/CroppedYalecopy/yaleB21/yaleB21_P00A+020E+10.pgm,9
/home/kevin/Downloads/CroppedYalecopy/yaleB21/yaleB21_P00A-020E-40.pgm,9
/home/kevin/Downloads/CroppedYalecopy/yaleB21/yaleB21_P00A+020E-40.pgm,9
/home/kevin/Downloads/CroppedYalecopy/yaleB21/yaleB21_P00A-025E+00.pgm,9
/home/kevin/Downloads/CroppedYalecopy/yaleB21/yaleB21_P00A+025E+00.pgm,9
/home/kevin/Downloads/CroppedYalecopy/yaleB21/yaleB21_P00A-035E+15.pgm,9
/home/kevin/Downloads/CroppedYalecopy/yaleB21/yaleB21_P00A+035E+15.pgm,9
/home/kevin/Downloads/CroppedYalecopy/yaleB21/yaleB21_P00A-035E-20.pgm,9
/home/kevin/Downloads/CroppedYalecopy/yaleB21/yaleB21_P00A+035E-20.pgm,9
/home/kevin/Downloads/CroppedYalecopy/yaleB21/yaleB21_P00A+035E+40.pgm,9
/home/kevin/Downloads/CroppedYalecopy/yaleB22/yaleB22_P00A+000E+00.pgm,10
/home/kevin/Downloads/CroppedYalecopy/yaleB22/yaleB22_P00A+000E-20.pgm,10
/home/kevin/Downloads/CroppedYalecopy/yaleB22/yaleB22_P00A+000E+20.pgm,10
/home/kevin/Downloads/CroppedYalecopy/yaleB22/yaleB22_P00A+000E-35.pgm,10
/home/kevin/Downloads/CroppedYalecopy/yaleB22/yaleB22_P00A+000E+45.pgm,10
/home/kevin/Downloads/CroppedYalecopy/yaleB22/yaleB22_P00A-005E-10.pgm,10
/home/kevin/Downloads/CroppedYalecopy/yaleB22/yaleB22_P00A-005E+10.pgm,10
/home/kevin/Downloads/CroppedYalecopy/yaleB22/yaleB22_P00A+005E-10.pgm,10
/home/kevin/Downloads/CroppedYalecopy/yaleB22/yaleB22_P00A+005E+10.pgm,10
/home/kevin/Downloads/CroppedYalecopy/yaleB22/yaleB22_P00A-010E+00.pgm,10
/home/kevin/Downloads/CroppedYalecopy/yaleB22/yaleB22_P00A+010E+00.pgm,10
/home/kevin/Downloads/CroppedYalecopy/yaleB22/yaleB22_P00A-010E-20.pgm,10
/home/kevin/Downloads/CroppedYalecopy/yaleB22/yaleB22_P00A+010E-20.pgm,10
/home/kevin/Downloads/CroppedYalecopy/yaleB22/yaleB22_P00A-015E+20.pgm,10
/home/kevin/Downloads/CroppedYalecopy/yaleB22/yaleB22_P00A+015E+20.pgm,10
/home/kevin/Downloads/CroppedYalecopy/yaleB22/yaleB22_P00A-020E-10.pgm,10
/home/kevin/Downloads/CroppedYalecopy/yaleB22/yaleB22_P00A-020E+10.pgm,10
/home/kevin/Downloads/CroppedYalecopy/yaleB22/yaleB22_P00A+020E-10.pgm,10
/home/kevin/Downloads/CroppedYalecopy/yaleB22/yaleB22_P00A+020E+10.pgm,10
/home/kevin/Downloads/CroppedYalecopy/yaleB22/yaleB22_P00A-020E-40.pgm,10
/home/kevin/Downloads/CroppedYalecopy/yaleB22/yaleB22_P00A+020E-40.pgm,10
/home/kevin/Downloads/CroppedYalecopy/yaleB22/yaleB22_P00A-025E+00.pgm,10
/home/kevin/Downloads/CroppedYalecopy/yaleB22/yaleB22_P00A+025E+00.pgm,10
/home/kevin/Downloads/CroppedYalecopy/yaleB22/yaleB22_P00A-035E+15.pgm,10
/home/kevin/Downloads/CroppedYalecopy/yaleB22/yaleB22_P00A+035E+15.pgm,10
/home/kevin/Downloads/CroppedYalecopy/yaleB22/yaleB22_P00A-035E-20.pgm,10
/home/kevin/Downloads/CroppedYalecopy/yaleB22/yaleB22_P00A+035E-20.pgm,10
/home/kevin/Downloads/CroppedYalecopy/yaleB22/yaleB22_P00A+035E+40.pgm,10
/home/kevin/Downloads/CroppedYalecopy/yaleB23/yaleB23_P00A+000E+00.pgm,11
/home/kevin/Downloads/CroppedYalecopy/yaleB23/yaleB23_P00A+000E-20.pgm,11
/home/kevin/Downloads/CroppedYalecopy/yaleB23/yaleB23_P00A+000E+20.pgm,11
/home/kevin/Downloads/CroppedYalecopy/yaleB23/yaleB23_P00A+000E-35.pgm,11
/home/kevin/Downloads/CroppedYalecopy/yaleB23/yaleB23_P00A+000E+45.pgm,11
/home/kevin/Downloads/CroppedYalecopy/yaleB23/yaleB23_P00A-005E-10.pgm,11
/home/kevin/Downloads/CroppedYalecopy/yaleB23/yaleB23_P00A-005E+10.pgm,11
/home/kevin/Downloads/CroppedYalecopy/yaleB23/yaleB23_P00A+005E-10.pgm,11
/home/kevin/Downloads/CroppedYalecopy/yaleB23/yaleB23_P00A+005E+10.pgm,11
/home/kevin/Downloads/CroppedYalecopy/yaleB23/yaleB23_P00A-010E+00.pgm,11
/home/kevin/Downloads/CroppedYalecopy/yaleB23/yaleB23_P00A+010E+00.pgm,11
/home/kevin/Downloads/CroppedYalecopy/yaleB23/yaleB23_P00A-010E-20.pgm,11
/home/kevin/Downloads/CroppedYalecopy/yaleB23/yaleB23_P00A+010E-20.pgm,11
/home/kevin/Downloads/CroppedYalecopy/yaleB23/yaleB23_P00A-015E+20.pgm,11
/home/kevin/Downloads/CroppedYalecopy/yaleB23/yaleB23_P00A+015E+20.pgm,11
/home/kevin/Downloads/CroppedYalecopy/yaleB23/yaleB23_P00A-020E-10.pgm,11
/home/kevin/Downloads/CroppedYalecopy/yaleB23/yaleB23_P00A-020E+10.pgm,11
/home/kevin/Downloads/CroppedYalecopy/yaleB23/yaleB23_P00A+020E-10.pgm,11
/home/kevin/Downloads/CroppedYalecopy/yaleB23/yaleB23_P00A+020E+10.pgm,11
/home/kevin/Downloads/CroppedYalecopy/yaleB23/yaleB23_P00A-020E-40.pgm,11
/home/kevin/Downloads/CroppedYalecopy/yaleB23/yaleB23_P00A+020E-40.pgm,11
/home/kevin/Downloads/CroppedYalecopy/yaleB23/yaleB23_P00A-025E+00.pgm,11
/home/kevin/Downloads/CroppedYalecopy/yaleB23/yaleB23_P00A+025E+00.pgm,11
/home/kevin/Downloads/CroppedYalecopy/yaleB23/yaleB23_P00A-035E+15.pgm,11
/home/kevin/Downloads/CroppedYalecopy/yaleB23/yaleB23_P00A+035E+15.pgm,11
/home/kevin/Downloads/CroppedYalecopy/yaleB23/yaleB23_P00A-035E-20.pgm,11
/home/kevin/Downloads/CroppedYalecopy/yaleB23/yaleB23_P00A+035E-20.pgm,11
/home/kevin/Downloads/CroppedYalecopy/yaleB23/yaleB23_P00A+035E+40.pgm,11
/home/kevin/Downloads/CroppedYalecopy/yaleB24/yaleB24_P00A+000E+00.pgm,12
/home/kevin/Downloads/CroppedYalecopy/yaleB24/yaleB24_P00A+000E-20.pgm,12
/home/kevin/Downloads/CroppedYalecopy/yaleB24/yaleB24_P00A+000E+20.pgm,12
/home/kevin/Downloads/CroppedYalecopy/yaleB24/yaleB24_P00A+000E-35.pgm,12
/home/kevin/Downloads/CroppedYalecopy/yaleB24/yaleB24_P00A+000E+45.pgm,12
/home/kevin/Downloads/CroppedYalecopy/yaleB24/yaleB24_P00A-005E-10.pgm,12
/home/kevin/Downloads/CroppedYalecopy/yaleB24/yaleB24_P00A-005E+10.pgm,12
/home/kevin/Downloads/CroppedYalecopy/yaleB24/yaleB24_P00A+005E-10.pgm,12
/home/kevin/Downloads/CroppedYalecopy/yaleB24/yaleB24_P00A+005E+10.pgm,12
/home/kevin/Downloads/CroppedYalecopy/yaleB24/yaleB24_P00A-010E+00.pgm,12
/home/kevin/Downloads/CroppedYalecopy/yaleB24/yaleB24_P00A+010E+00.pgm,12
/home/kevin/Downloads/CroppedYalecopy/yaleB24/yaleB24_P00A-010E-20.pgm,12
/home/kevin/Downloads/CroppedYalecopy/yaleB24/yaleB24_P00A+010E-20.pgm,12
/home/kevin/Downloads/CroppedYalecopy/yaleB24/yaleB24_P00A-015E+20.pgm,12
/home/kevin/Downloads/CroppedYalecopy/yaleB24/yaleB24_P00A+015E+20.pgm,12
/home/kevin/Downloads/CroppedYalecopy/yaleB24/yaleB24_P00A-020E-10.pgm,12
/home/kevin/Downloads/CroppedYalecopy/yaleB24/yaleB24_P00A-020E+10.pgm,12
/home/kevin/Downloads/CroppedYalecopy/yaleB24/yaleB24_P00A+020E-10.pgm,12
/home/kevin/Downloads/CroppedYalecopy/yaleB24/yaleB24_P00A+020E+10.pgm,12
/home/kevin/Downloads/CroppedYalecopy/yaleB24/yaleB24_P00A-020E-40.pgm,12
/home/kevin/Downloads/CroppedYalecopy/yaleB24/yaleB24_P00A-025E+00.pgm,12
/home/kevin/Downloads/CroppedYalecopy/yaleB24/yaleB24_P00A+025E+00.pgm,12
/home/kevin/Downloads/CroppedYalecopy/yaleB24/yaleB24_P00A-035E+15.pgm,12
/home/kevin/Downloads/CroppedYalecopy/yaleB24/yaleB24_P00A+035E+15.pgm,12
/home/kevin/Downloads/CroppedYalecopy/yaleB24/yaleB24_P00A-035E-20.pgm,12
/home/kevin/Downloads/CroppedYalecopy/yaleB24/yaleB24_P00A+035E-20.pgm,12
/home/kevin/Downloads/CroppedYalecopy/yaleB24/yaleB24_P00A-035E+40.pgm,12
/home/kevin/Downloads/CroppedYalecopy/yaleB24/yaleB24_P00A+035E+40.pgm,12
/home/kevin/Downloads/CroppedYalecopy/yaleB25/yaleB25_P00A+000E+00.pgm,13
/home/kevin/Downloads/CroppedYalecopy/yaleB25/yaleB25_P00A+000E-20.pgm,13
/home/kevin/Downloads/CroppedYalecopy/yaleB25/yaleB25_P00A+000E+20.pgm,13
/home/kevin/Downloads/CroppedYalecopy/yaleB25/yaleB25_P00A+000E-35.pgm,13
/home/kevin/Downloads/CroppedYalecopy/yaleB25/yaleB25_P00A+000E+45.pgm,13
/home/kevin/Downloads/CroppedYalecopy/yaleB25/yaleB25_P00A-005E-10.pgm,13
/home/kevin/Downloads/CroppedYalecopy/yaleB25/yaleB25_P00A-005E+10.pgm,13
/home/kevin/Downloads/CroppedYalecopy/yaleB25/yaleB25_P00A+005E-10.pgm,13
/home/kevin/Downloads/CroppedYalecopy/yaleB25/yaleB25_P00A+005E+10.pgm,13
/home/kevin/Downloads/CroppedYalecopy/yaleB25/yaleB25_P00A-010E+00.pgm,13
/home/kevin/Downloads/CroppedYalecopy/yaleB25/yaleB25_P00A+010E+00.pgm,13
/home/kevin/Downloads/CroppedYalecopy/yaleB25/yaleB25_P00A-010E-20.pgm,13
/home/kevin/Downloads/CroppedYalecopy/yaleB25/yaleB25_P00A+010E-20.pgm,13
/home/kevin/Downloads/CroppedYalecopy/yaleB25/yaleB25_P00A-015E+20.pgm,13
/home/kevin/Downloads/CroppedYalecopy/yaleB25/yaleB25_P00A+015E+20.pgm,13
/home/kevin/Downloads/CroppedYalecopy/yaleB25/yaleB25_P00A-020E-10.pgm,13
/home/kevin/Downloads/CroppedYalecopy/yaleB25/yaleB25_P00A-020E+10.pgm,13
/home/kevin/Downloads/CroppedYalecopy/yaleB25/yaleB25_P00A+020E-10.pgm,13
/home/kevin/Downloads/CroppedYalecopy/yaleB25/yaleB25_P00A+020E+10.pgm,13
/home/kevin/Downloads/CroppedYalecopy/yaleB25/yaleB25_P00A-020E-40.pgm,13
/home/kevin/Downloads/CroppedYalecopy/yaleB25/yaleB25_P00A+020E-40.pgm,13
/home/kevin/Downloads/CroppedYalecopy/yaleB25/yaleB25_P00A-025E+00.pgm,13
/home/kevin/Downloads/CroppedYalecopy/yaleB25/yaleB25_P00A+025E+00.pgm,13
/home/kevin/Downloads/CroppedYalecopy/yaleB25/yaleB25_P00A-035E+15.pgm,13
/home/kevin/Downloads/CroppedYalecopy/yaleB25/yaleB25_P00A+035E+15.pgm,13
/home/kevin/Downloads/CroppedYalecopy/yaleB25/yaleB25_P00A-035E-20.pgm,13
/home/kevin/Downloads/CroppedYalecopy/yaleB25/yaleB25_P00A+035E+40.pgm,13
/home/kevin/Downloads/CroppedYalecopy/yaleB25/yaleB25_P00A+050E-40.pgm,13
/home/kevin/Downloads/CroppedYalecopy/yaleB26/yaleB26_P00A+000E+00.pgm,14
/home/kevin/Downloads/CroppedYalecopy/yaleB26/yaleB26_P00A+000E-20.pgm,14
/home/kevin/Downloads/CroppedYalecopy/yaleB26/yaleB26_P00A+000E+20.pgm,14
/home/kevin/Downloads/CroppedYalecopy/yaleB26/yaleB26_P00A+000E-35.pgm,14
/home/kevin/Downloads/CroppedYalecopy/yaleB26/yaleB26_P00A+000E+45.pgm,14
/home/kevin/Downloads/CroppedYalecopy/yaleB26/yaleB26_P00A-005E-10.pgm,14
/home/kevin/Downloads/CroppedYalecopy/yaleB26/yaleB26_P00A-005E+10.pgm,14
/home/kevin/Downloads/CroppedYalecopy/yaleB26/yaleB26_P00A+005E-10.pgm,14
/home/kevin/Downloads/CroppedYalecopy/yaleB26/yaleB26_P00A+005E+10.pgm,14
/home/kevin/Downloads/CroppedYalecopy/yaleB26/yaleB26_P00A-010E+00.pgm,14
/home/kevin/Downloads/CroppedYalecopy/yaleB26/yaleB26_P00A+010E+00.pgm,14
/home/kevin/Downloads/CroppedYalecopy/yaleB26/yaleB26_P00A-010E-20.pgm,14
/home/kevin/Downloads/CroppedYalecopy/yaleB26/yaleB26_P00A+010E-20.pgm,14
/home/kevin/Downloads/CroppedYalecopy/yaleB26/yaleB26_P00A-015E+20.pgm,14
/home/kevin/Downloads/CroppedYalecopy/yaleB26/yaleB26_P00A+015E+20.pgm,14
/home/kevin/Downloads/CroppedYalecopy/yaleB26/yaleB26_P00A-020E-10.pgm,14
/home/kevin/Downloads/CroppedYalecopy/yaleB26/yaleB26_P00A-020E+10.pgm,14
/home/kevin/Downloads/CroppedYalecopy/yaleB26/yaleB26_P00A+020E-10.pgm,14
/home/kevin/Downloads/CroppedYalecopy/yaleB26/yaleB26_P00A+020E+10.pgm,14
/home/kevin/Downloads/CroppedYalecopy/yaleB26/yaleB26_P00A+020E-40.pgm,14
/home/kevin/Downloads/CroppedYalecopy/yaleB26/yaleB26_P00A-025E+00.pgm,14
/home/kevin/Downloads/CroppedYalecopy/yaleB26/yaleB26_P00A+025E+00.pgm,14
/home/kevin/Downloads/CroppedYalecopy/yaleB26/yaleB26_P00A-035E+15.pgm,14
/home/kevin/Downloads/CroppedYalecopy/yaleB26/yaleB26_P00A+035E+15.pgm,14
/home/kevin/Downloads/CroppedYalecopy/yaleB26/yaleB26_P00A-035E-20.pgm,14
/home/kevin/Downloads/CroppedYalecopy/yaleB26/yaleB26_P00A+035E-20.pgm,14
/home/kevin/Downloads/CroppedYalecopy/yaleB26/yaleB26_P00A-035E+40.pgm,14
/home/kevin/Downloads/CroppedYalecopy/yaleB26/yaleB26_P00A+035E+40.pgm,14
/home/kevin/Downloads/CroppedYalecopy/yaleB27/yaleB27_P00A+000E+00.pgm,15
/home/kevin/Downloads/CroppedYalecopy/yaleB27/yaleB27_P00A+000E-20.pgm,15
/home/kevin/Downloads/CroppedYalecopy/yaleB27/yaleB27_P00A+000E+20.pgm,15
/home/kevin/Downloads/CroppedYalecopy/yaleB27/yaleB27_P00A+000E-35.pgm,15
/home/kevin/Downloads/CroppedYalecopy/yaleB27/yaleB27_P00A-005E-10.pgm,15
/home/kevin/Downloads/CroppedYalecopy/yaleB27/yaleB27_P00A-005E+10.pgm,15
/home/kevin/Downloads/CroppedYalecopy/yaleB27/yaleB27_P00A+005E-10.pgm,15
/home/kevin/Downloads/CroppedYalecopy/yaleB27/yaleB27_P00A+005E+10.pgm,15
/home/kevin/Downloads/CroppedYalecopy/yaleB27/yaleB27_P00A-010E+00.pgm,15
/home/kevin/Downloads/CroppedYalecopy/yaleB27/yaleB27_P00A+010E+00.pgm,15
/home/kevin/Downloads/CroppedYalecopy/yaleB27/yaleB27_P00A-010E-20.pgm,15
/home/kevin/Downloads/CroppedYalecopy/yaleB27/yaleB27_P00A+010E-20.pgm,15
/home/kevin/Downloads/CroppedYalecopy/yaleB27/yaleB27_P00A-015E+20.pgm,15
/home/kevin/Downloads/CroppedYalecopy/yaleB27/yaleB27_P00A+015E+20.pgm,15
/home/kevin/Downloads/CroppedYalecopy/yaleB27/yaleB27_P00A-020E-10.pgm,15
/home/kevin/Downloads/CroppedYalecopy/yaleB27/yaleB27_P00A-020E+10.pgm,15
/home/kevin/Downloads/CroppedYalecopy/yaleB27/yaleB27_P00A+020E-10.pgm,15
/home/kevin/Downloads/CroppedYalecopy/yaleB27/yaleB27_P00A+020E+10.pgm,15
/home/kevin/Downloads/CroppedYalecopy/yaleB27/yaleB27_P00A-020E-40.pgm,15
/home/kevin/Downloads/CroppedYalecopy/yaleB27/yaleB27_P00A+020E-40.pgm,15
/home/kevin/Downloads/CroppedYalecopy/yaleB27/yaleB27_P00A-025E+00.pgm,15
/home/kevin/Downloads/CroppedYalecopy/yaleB27/yaleB27_P00A+025E+00.pgm,15
/home/kevin/Downloads/CroppedYalecopy/yaleB27/yaleB27_P00A-035E+15.pgm,15
/home/kevin/Downloads/CroppedYalecopy/yaleB27/yaleB27_P00A+035E+15.pgm,15
/home/kevin/Downloads/CroppedYalecopy/yaleB27/yaleB27_P00A-035E-20.pgm,15
/home/kevin/Downloads/CroppedYalecopy/yaleB27/yaleB27_P00A+035E-20.pgm,15
/home/kevin/Downloads/CroppedYalecopy/yaleB27/yaleB27_P00A+035E+40.pgm,15
/home/kevin/Downloads/CroppedYalecopy/yaleB27/yaleB27_P00A+050E+00.pgm,15
/home/kevin/Downloads/CroppedYalecopy/yaleB28/yaleB28_P00A+000E+00.pgm,16
/home/kevin/Downloads/CroppedYalecopy/yaleB28/yaleB28_P00A+000E-20.pgm,16
/home/kevin/Downloads/CroppedYalecopy/yaleB28/yaleB28_P00A+000E+20.pgm,16
/home/kevin/Downloads/CroppedYalecopy/yaleB28/yaleB28_P00A+000E-35.pgm,16
/home/kevin/Downloads/CroppedYalecopy/yaleB28/yaleB28_P00A+000E+45.pgm,16
/home/kevin/Downloads/CroppedYalecopy/yaleB28/yaleB28_P00A-005E-10.pgm,16
/home/kevin/Downloads/CroppedYalecopy/yaleB28/yaleB28_P00A-005E+10.pgm,16
/home/kevin/Downloads/CroppedYalecopy/yaleB28/yaleB28_P00A+005E-10.pgm,16
/home/kevin/Downloads/CroppedYalecopy/yaleB28/yaleB28_P00A+005E+10.pgm,16
/home/kevin/Downloads/CroppedYalecopy/yaleB28/yaleB28_P00A-010E+00.pgm,16
/home/kevin/Downloads/CroppedYalecopy/yaleB28/yaleB28_P00A+010E+00.pgm,16
/home/kevin/Downloads/CroppedYalecopy/yaleB28/yaleB28_P00A-010E-20.pgm,16
/home/kevin/Downloads/CroppedYalecopy/yaleB28/yaleB28_P00A+010E-20.pgm,16
/home/kevin/Downloads/CroppedYalecopy/yaleB28/yaleB28_P00A-015E+20.pgm,16
/home/kevin/Downloads/CroppedYalecopy/yaleB28/yaleB28_P00A+015E+20.pgm,16
/home/kevin/Downloads/CroppedYalecopy/yaleB28/yaleB28_P00A-020E-10.pgm,16
/home/kevin/Downloads/CroppedYalecopy/yaleB28/yaleB28_P00A-020E+10.pgm,16
/home/kevin/Downloads/CroppedYalecopy/yaleB28/yaleB28_P00A+020E-10.pgm,16
/home/kevin/Downloads/CroppedYalecopy/yaleB28/yaleB28_P00A+020E+10.pgm,16
/home/kevin/Downloads/CroppedYalecopy/yaleB28/yaleB28_P00A-020E-40.pgm,16
/home/kevin/Downloads/CroppedYalecopy/yaleB28/yaleB28_P00A+020E-40.pgm,16
/home/kevin/Downloads/CroppedYalecopy/yaleB28/yaleB28_P00A-025E+00.pgm,16
/home/kevin/Downloads/CroppedYalecopy/yaleB28/yaleB28_P00A+025E+00.pgm,16
/home/kevin/Downloads/CroppedYalecopy/yaleB28/yaleB28_P00A-035E+15.pgm,16
/home/kevin/Downloads/CroppedYalecopy/yaleB28/yaleB28_P00A+035E+15.pgm,16
/home/kevin/Downloads/CroppedYalecopy/yaleB28/yaleB28_P00A-035E-20.pgm,16
/home/kevin/Downloads/CroppedYalecopy/yaleB28/yaleB28_P00A+035E-20.pgm,16
/home/kevin/Downloads/CroppedYalecopy/yaleB28/yaleB28_P00A-035E+40.pgm,16
/home/kevin/Downloads/CroppedYalecopy/yaleB29/yaleB29_P00A+000E+00.pgm,17
/home/kevin/Downloads/CroppedYalecopy/yaleB29/yaleB29_P00A+000E-20.pgm,17
/home/kevin/Downloads/CroppedYalecopy/yaleB29/yaleB29_P00A+000E+20.pgm,17
/home/kevin/Downloads/CroppedYalecopy/yaleB29/yaleB29_P00A+000E-35.pgm,17
/home/kevin/Downloads/CroppedYalecopy/yaleB29/yaleB29_P00A+000E+45.pgm,17
/home/kevin/Downloads/CroppedYalecopy/yaleB29/yaleB29_P00A-005E-10.pgm,17
/home/kevin/Downloads/CroppedYalecopy/yaleB29/yaleB29_P00A-005E+10.pgm,17
/home/kevin/Downloads/CroppedYalecopy/yaleB29/yaleB29_P00A+005E-10.pgm,17
/home/kevin/Downloads/CroppedYalecopy/yaleB29/yaleB29_P00A+005E+10.pgm,17
/home/kevin/Downloads/CroppedYalecopy/yaleB29/yaleB29_P00A-010E+00.pgm,17
/home/kevin/Downloads/CroppedYalecopy/yaleB29/yaleB29_P00A+010E+00.pgm,17
/home/kevin/Downloads/CroppedYalecopy/yaleB29/yaleB29_P00A-010E-20.pgm,17
/home/kevin/Downloads/CroppedYalecopy/yaleB29/yaleB29_P00A+010E-20.pgm,17
/home/kevin/Downloads/CroppedYalecopy/yaleB29/yaleB29_P00A-015E+20.pgm,17
/home/kevin/Downloads/CroppedYalecopy/yaleB29/yaleB29_P00A+015E+20.pgm,17
/home/kevin/Downloads/CroppedYalecopy/yaleB29/yaleB29_P00A-020E-10.pgm,17
/home/kevin/Downloads/CroppedYalecopy/yaleB29/yaleB29_P00A-020E+10.pgm,17
/home/kevin/Downloads/CroppedYalecopy/yaleB29/yaleB29_P00A+020E-10.pgm,17
/home/kevin/Downloads/CroppedYalecopy/yaleB29/yaleB29_P00A+020E+10.pgm,17
/home/kevin/Downloads/CroppedYalecopy/yaleB29/yaleB29_P00A-020E-40.pgm,17
/home/kevin/Downloads/CroppedYalecopy/yaleB29/yaleB29_P00A+020E-40.pgm,17
/home/kevin/Downloads/CroppedYalecopy/yaleB29/yaleB29_P00A-025E+00.pgm,17
/home/kevin/Downloads/CroppedYalecopy/yaleB29/yaleB29_P00A+025E+00.pgm,17
/home/kevin/Downloads/CroppedYalecopy/yaleB29/yaleB29_P00A-035E+15.pgm,17
/home/kevin/Downloads/CroppedYalecopy/yaleB29/yaleB29_P00A+035E+15.pgm,17
/home/kevin/Downloads/CroppedYalecopy/yaleB29/yaleB29_P00A+035E-20.pgm,17
/home/kevin/Downloads/CroppedYalecopy/yaleB29/yaleB29_P00A-035E+40.pgm,17
/home/kevin/Downloads/CroppedYalecopy/yaleB29/yaleB29_P00A+035E+40.pgm,17
/home/kevin/Downloads/CroppedYalecopy/yaleB30/yaleB30_P00A+000E+00.pgm,18
/home/kevin/Downloads/CroppedYalecopy/yaleB30/yaleB30_P00A+000E-20.pgm,18
/home/kevin/Downloads/CroppedYalecopy/yaleB30/yaleB30_P00A+000E+20.pgm,18
/home/kevin/Downloads/CroppedYalecopy/yaleB30/yaleB30_P00A+000E-35.pgm,18
/home/kevin/Downloads/CroppedYalecopy/yaleB30/yaleB30_P00A+000E+45.pgm,18
/home/kevin/Downloads/CroppedYalecopy/yaleB30/yaleB30_P00A-005E-10.pgm,18
/home/kevin/Downloads/CroppedYalecopy/yaleB30/yaleB30_P00A-005E+10.pgm,18
/home/kevin/Downloads/CroppedYalecopy/yaleB30/yaleB30_P00A+005E-10.pgm,18
/home/kevin/Downloads/CroppedYalecopy/yaleB30/yaleB30_P00A+005E+10.pgm,18
/home/kevin/Downloads/CroppedYalecopy/yaleB30/yaleB30_P00A-010E+00.pgm,18
/home/kevin/Downloads/CroppedYalecopy/yaleB30/yaleB30_P00A+010E+00.pgm,18
/home/kevin/Downloads/CroppedYalecopy/yaleB30/yaleB30_P00A-010E-20.pgm,18
/home/kevin/Downloads/CroppedYalecopy/yaleB30/yaleB30_P00A+010E-20.pgm,18
/home/kevin/Downloads/CroppedYalecopy/yaleB30/yaleB30_P00A-015E+20.pgm,18
/home/kevin/Downloads/CroppedYalecopy/yaleB30/yaleB30_P00A+015E+20.pgm,18
/home/kevin/Downloads/CroppedYalecopy/yaleB30/yaleB30_P00A-020E-10.pgm,18
/home/kevin/Downloads/CroppedYalecopy/yaleB30/yaleB30_P00A-020E+10.pgm,18
/home/kevin/Downloads/CroppedYalecopy/yaleB30/yaleB30_P00A+020E-10.pgm,18
/home/kevin/Downloads/CroppedYalecopy/yaleB30/yaleB30_P00A+020E+10.pgm,18
/home/kevin/Downloads/CroppedYalecopy/yaleB30/yaleB30_P00A+020E-40.pgm,18
/home/kevin/Downloads/CroppedYalecopy/yaleB30/yaleB30_P00A-025E+00.pgm,18
/home/kevin/Downloads/CroppedYalecopy/yaleB30/yaleB30_P00A+025E+00.pgm,18
/home/kevin/Downloads/CroppedYalecopy/yaleB30/yaleB30_P00A-035E+15.pgm,18
/home/kevin/Downloads/CroppedYalecopy/yaleB30/yaleB30_P00A+035E+15.pgm,18
/home/kevin/Downloads/CroppedYalecopy/yaleB30/yaleB30_P00A-035E-20.pgm,18
/home/kevin/Downloads/CroppedYalecopy/yaleB30/yaleB30_P00A+035E-20.pgm,18
/home/kevin/Downloads/CroppedYalecopy/yaleB30/yaleB30_P00A+035E+40.pgm,18
/home/kevin/Downloads/CroppedYalecopy/yaleB30/yaleB30_P00A+050E+00.pgm,18
/home/kevin/Downloads/CroppedYalecopy/yaleB31/yaleB31_P00A+000E+00.pgm,19
/home/kevin/Downloads/CroppedYalecopy/yaleB31/yaleB31_P00A+000E-20.pgm,19
/home/kevin/Downloads/CroppedYalecopy/yaleB31/yaleB31_P00A+000E+20.pgm,19
/home/kevin/Downloads/CroppedYalecopy/yaleB31/yaleB31_P00A+000E-35.pgm,19
/home/kevin/Downloads/CroppedYalecopy/yaleB31/yaleB31_P00A+000E+45.pgm,19
/home/kevin/Downloads/CroppedYalecopy/yaleB31/yaleB31_P00A-005E-10.pgm,19
/home/kevin/Downloads/CroppedYalecopy/yaleB31/yaleB31_P00A-005E+10.pgm,19
/home/kevin/Downloads/CroppedYalecopy/yaleB31/yaleB31_P00A+005E-10.pgm,19
/home/kevin/Downloads/CroppedYalecopy/yaleB31/yaleB31_P00A+005E+10.pgm,19
/home/kevin/Downloads/CroppedYalecopy/yaleB31/yaleB31_P00A-010E+00.pgm,19
/home/kevin/Downloads/CroppedYalecopy/yaleB31/yaleB31_P00A+010E+00.pgm,19
/home/kevin/Downloads/CroppedYalecopy/yaleB31/yaleB31_P00A-010E-20.pgm,19
/home/kevin/Downloads/CroppedYalecopy/yaleB31/yaleB31_P00A+010E-20.pgm,19
/home/kevin/Downloads/CroppedYalecopy/yaleB31/yaleB31_P00A-015E+20.pgm,19
/home/kevin/Downloads/CroppedYalecopy/yaleB31/yaleB31_P00A+015E+20.pgm,19
/home/kevin/Downloads/CroppedYalecopy/yaleB31/yaleB31_P00A-020E-10.pgm,19
/home/kevin/Downloads/CroppedYalecopy/yaleB31/yaleB31_P00A-020E+10.pgm,19
/home/kevin/Downloads/CroppedYalecopy/yaleB31/yaleB31_P00A+020E-10.pgm,19
/home/kevin/Downloads/CroppedYalecopy/yaleB31/yaleB31_P00A+020E+10.pgm,19
/home/kevin/Downloads/CroppedYalecopy/yaleB31/yaleB31_P00A-020E-40.pgm,19
/home/kevin/Downloads/CroppedYalecopy/yaleB31/yaleB31_P00A+020E-40.pgm,19
/home/kevin/Downloads/CroppedYalecopy/yaleB31/yaleB31_P00A-025E+00.pgm,19
/home/kevin/Downloads/CroppedYalecopy/yaleB31/yaleB31_P00A+025E+00.pgm,19
/home/kevin/Downloads/CroppedYalecopy/yaleB31/yaleB31_P00A-035E+15.pgm,19
/home/kevin/Downloads/CroppedYalecopy/yaleB31/yaleB31_P00A+035E+15.pgm,19
/home/kevin/Downloads/CroppedYalecopy/yaleB31/yaleB31_P00A-035E-20.pgm,19
/home/kevin/Downloads/CroppedYalecopy/yaleB31/yaleB31_P00A+035E-20.pgm,19
/home/kevin/Downloads/CroppedYalecopy/yaleB31/yaleB31_P00A+035E+40.pgm,19
/home/kevin/Downloads/CroppedYalecopy/yaleB32/yaleB32_P00A+000E+00.pgm,20
/home/kevin/Downloads/CroppedYalecopy/yaleB32/yaleB32_P00A+000E-20.pgm,20
/home/kevin/Downloads/CroppedYalecopy/yaleB32/yaleB32_P00A+000E+20.pgm,20
/home/kevin/Downloads/CroppedYalecopy/yaleB32/yaleB32_P00A+000E-35.pgm,20
/home/kevin/Downloads/CroppedYalecopy/yaleB32/yaleB32_P00A+000E+45.pgm,20
/home/kevin/Downloads/CroppedYalecopy/yaleB32/yaleB32_P00A-005E-10.pgm,20
/home/kevin/Downloads/CroppedYalecopy/yaleB32/yaleB32_P00A-005E+10.pgm,20
/home/kevin/Downloads/CroppedYalecopy/yaleB32/yaleB32_P00A+005E-10.pgm,20
/home/kevin/Downloads/CroppedYalecopy/yaleB32/yaleB32_P00A+005E+10.pgm,20
/home/kevin/Downloads/CroppedYalecopy/yaleB32/yaleB32_P00A-010E+00.pgm,20
/home/kevin/Downloads/CroppedYalecopy/yaleB32/yaleB32_P00A+010E+00.pgm,20
/home/kevin/Downloads/CroppedYalecopy/yaleB32/yaleB32_P00A-010E-20.pgm,20
/home/kevin/Downloads/CroppedYalecopy/yaleB32/yaleB32_P00A+010E-20.pgm,20
/home/kevin/Downloads/CroppedYalecopy/yaleB32/yaleB32_P00A-015E+20.pgm,20
/home/kevin/Downloads/CroppedYalecopy/yaleB32/yaleB32_P00A+015E+20.pgm,20
/home/kevin/Downloads/CroppedYalecopy/yaleB32/yaleB32_P00A-020E-10.pgm,20
/home/kevin/Downloads/CroppedYalecopy/yaleB32/yaleB32_P00A-020E+10.pgm,20
/home/kevin/Downloads/CroppedYalecopy/yaleB32/yaleB32_P00A+020E-10.pgm,20
/home/kevin/Downloads/CroppedYalecopy/yaleB32/yaleB32_P00A+020E+10.pgm,20
/home/kevin/Downloads/CroppedYalecopy/yaleB32/yaleB32_P00A-020E-40.pgm,20
/home/kevin/Downloads/CroppedYalecopy/yaleB32/yaleB32_P00A+020E-40.pgm,20
/home/kevin/Downloads/CroppedYalecopy/yaleB32/yaleB32_P00A-025E+00.pgm,20
/home/kevin/Downloads/CroppedYalecopy/yaleB32/yaleB32_P00A+025E+00.pgm,20
/home/kevin/Downloads/CroppedYalecopy/yaleB32/yaleB32_P00A-035E+15.pgm,20
/home/kevin/Downloads/CroppedYalecopy/yaleB32/yaleB32_P00A+035E+15.pgm,20
/home/kevin/Downloads/CroppedYalecopy/yaleB32/yaleB32_P00A-035E-20.pgm,20
/home/kevin/Downloads/CroppedYalecopy/yaleB32/yaleB32_P00A+035E-20.pgm,20
/home/kevin/Downloads/CroppedYalecopy/yaleB32/yaleB32_P00A-035E+40.pgm,20
/home/kevin/Downloads/CroppedYalecopy/yaleB33/yaleB33_P00A+000E+00.pgm,21
/home/kevin/Downloads/CroppedYalecopy/yaleB33/yaleB33_P00A+000E-20.pgm,21
/home/kevin/Downloads/CroppedYalecopy/yaleB33/yaleB33_P00A+000E+20.pgm,21
/home/kevin/Downloads/CroppedYalecopy/yaleB33/yaleB33_P00A+000E-35.pgm,21
/home/kevin/Downloads/CroppedYalecopy/yaleB33/yaleB33_P00A+000E+45.pgm,21
/home/kevin/Downloads/CroppedYalecopy/yaleB33/yaleB33_P00A-005E-10.pgm,21
/home/kevin/Downloads/CroppedYalecopy/yaleB33/yaleB33_P00A-005E+10.pgm,21
/home/kevin/Downloads/CroppedYalecopy/yaleB33/yaleB33_P00A+005E-10.pgm,21
/home/kevin/Downloads/CroppedYalecopy/yaleB33/yaleB33_P00A+005E+10.pgm,21
/home/kevin/Downloads/CroppedYalecopy/yaleB33/yaleB33_P00A-010E+00.pgm,21
/home/kevin/Downloads/CroppedYalecopy/yaleB33/yaleB33_P00A+010E+00.pgm,21
/home/kevin/Downloads/CroppedYalecopy/yaleB33/yaleB33_P00A-010E-20.pgm,21
/home/kevin/Downloads/CroppedYalecopy/yaleB33/yaleB33_P00A+010E-20.pgm,21
/home/kevin/Downloads/CroppedYalecopy/yaleB33/yaleB33_P00A-015E+20.pgm,21
/home/kevin/Downloads/CroppedYalecopy/yaleB33/yaleB33_P00A+015E+20.pgm,21
/home/kevin/Downloads/CroppedYalecopy/yaleB33/yaleB33_P00A-020E-10.pgm,21
/home/kevin/Downloads/CroppedYalecopy/yaleB33/yaleB33_P00A-020E+10.pgm,21
/home/kevin/Downloads/CroppedYalecopy/yaleB33/yaleB33_P00A+020E-10.pgm,21
/home/kevin/Downloads/CroppedYalecopy/yaleB33/yaleB33_P00A+020E+10.pgm,21
/home/kevin/Downloads/CroppedYalecopy/yaleB33/yaleB33_P00A-020E-40.pgm,21
/home/kevin/Downloads/CroppedYalecopy/yaleB33/yaleB33_P00A+020E-40.pgm,21
/home/kevin/Downloads/CroppedYalecopy/yaleB33/yaleB33_P00A-025E+00.pgm,21
/home/kevin/Downloads/CroppedYalecopy/yaleB33/yaleB33_P00A+025E+00.pgm,21
/home/kevin/Downloads/CroppedYalecopy/yaleB33/yaleB33_P00A-035E+15.pgm,21
/home/kevin/Downloads/CroppedYalecopy/yaleB33/yaleB33_P00A+035E+15.pgm,21
/home/kevin/Downloads/CroppedYalecopy/yaleB33/yaleB33_P00A-035E-20.pgm,21
/home/kevin/Downloads/CroppedYalecopy/yaleB33/yaleB33_P00A-035E+40.pgm,21
/home/kevin/Downloads/CroppedYalecopy/yaleB33/yaleB33_P00A+035E+40.pgm,21
/home/kevin/Downloads/CroppedYalecopy/yaleB34/yaleB34_P00A+000E+00.pgm,22
/home/kevin/Downloads/CroppedYalecopy/yaleB34/yaleB34_P00A+000E-20.pgm,22
/home/kevin/Downloads/CroppedYalecopy/yaleB34/yaleB34_P00A+000E+20.pgm,22
/home/kevin/Downloads/CroppedYalecopy/yaleB34/yaleB34_P00A+000E-35.pgm,22
/home/kevin/Downloads/CroppedYalecopy/yaleB34/yaleB34_P00A+000E+45.pgm,22
/home/kevin/Downloads/CroppedYalecopy/yaleB34/yaleB34_P00A-005E-10.pgm,22
/home/kevin/Downloads/CroppedYalecopy/yaleB34/yaleB34_P00A-005E+10.pgm,22
/home/kevin/Downloads/CroppedYalecopy/yaleB34/yaleB34_P00A+005E-10.pgm,22
/home/kevin/Downloads/CroppedYalecopy/yaleB34/yaleB34_P00A+005E+10.pgm,22
/home/kevin/Downloads/CroppedYalecopy/yaleB34/yaleB34_P00A-010E+00.pgm,22
/home/kevin/Downloads/CroppedYalecopy/yaleB34/yaleB34_P00A+010E+00.pgm,22
/home/kevin/Downloads/CroppedYalecopy/yaleB34/yaleB34_P00A-010E-20.pgm,22
/home/kevin/Downloads/CroppedYalecopy/yaleB34/yaleB34_P00A+010E-20.pgm,22
/home/kevin/Downloads/CroppedYalecopy/yaleB34/yaleB34_P00A-015E+20.pgm,22
/home/kevin/Downloads/CroppedYalecopy/yaleB34/yaleB34_P00A+015E+20.pgm,22
/home/kevin/Downloads/CroppedYalecopy/yaleB34/yaleB34_P00A-020E-10.pgm,22
/home/kevin/Downloads/CroppedYalecopy/yaleB34/yaleB34_P00A-020E+10.pgm,22
/home/kevin/Downloads/CroppedYalecopy/yaleB34/yaleB34_P00A+020E-10.pgm,22
/home/kevin/Downloads/CroppedYalecopy/yaleB34/yaleB34_P00A+020E+10.pgm,22
/home/kevin/Downloads/CroppedYalecopy/yaleB34/yaleB34_P00A-020E-40.pgm,22
/home/kevin/Downloads/CroppedYalecopy/yaleB34/yaleB34_P00A+020E-40.pgm,22
/home/kevin/Downloads/CroppedYalecopy/yaleB34/yaleB34_P00A-025E+00.pgm,22
/home/kevin/Downloads/CroppedYalecopy/yaleB34/yaleB34_P00A+025E+00.pgm,22
/home/kevin/Downloads/CroppedYalecopy/yaleB34/yaleB34_P00A-035E+15.pgm,22
/home/kevin/Downloads/CroppedYalecopy/yaleB34/yaleB34_P00A+035E+15.pgm,22
/home/kevin/Downloads/CroppedYalecopy/yaleB34/yaleB34_P00A+035E-20.pgm,22
/home/kevin/Downloads/CroppedYalecopy/yaleB34/yaleB34_P00A+035E+40.pgm,22
/home/kevin/Downloads/CroppedYalecopy/yaleB34/yaleB34_P00A+050E+00.pgm,22
/home/kevin/Downloads/CroppedYalecopy/yaleB35/yaleB35_P00A+000E+00.pgm,23
/home/kevin/Downloads/CroppedYalecopy/yaleB35/yaleB35_P00A+000E-20.pgm,23
/home/kevin/Downloads/CroppedYalecopy/yaleB35/yaleB35_P00A+000E+20.pgm,23
/home/kevin/Downloads/CroppedYalecopy/yaleB35/yaleB35_P00A+000E-35.pgm,23
/home/kevin/Downloads/CroppedYalecopy/yaleB35/yaleB35_P00A+000E+45.pgm,23
/home/kevin/Downloads/CroppedYalecopy/yaleB35/yaleB35_P00A-005E-10.pgm,23
/home/kevin/Downloads/CroppedYalecopy/yaleB35/yaleB35_P00A-005E+10.pgm,23
/home/kevin/Downloads/CroppedYalecopy/yaleB35/yaleB35_P00A+005E-10.pgm,23
/home/kevin/Downloads/CroppedYalecopy/yaleB35/yaleB35_P00A+005E+10.pgm,23
/home/kevin/Downloads/CroppedYalecopy/yaleB35/yaleB35_P00A-010E+00.pgm,23
/home/kevin/Downloads/CroppedYalecopy/yaleB35/yaleB35_P00A+010E+00.pgm,23
/home/kevin/Downloads/CroppedYalecopy/yaleB35/yaleB35_P00A-010E-20.pgm,23
/home/kevin/Downloads/CroppedYalecopy/yaleB35/yaleB35_P00A+010E-20.pgm,23
/home/kevin/Downloads/CroppedYalecopy/yaleB35/yaleB35_P00A-015E+20.pgm,23
/home/kevin/Downloads/CroppedYalecopy/yaleB35/yaleB35_P00A+015E+20.pgm,23
/home/kevin/Downloads/CroppedYalecopy/yaleB35/yaleB35_P00A-020E-10.pgm,23
/home/kevin/Downloads/CroppedYalecopy/yaleB35/yaleB35_P00A-020E+10.pgm,23
/home/kevin/Downloads/CroppedYalecopy/yaleB35/yaleB35_P00A+020E-10.pgm,23
/home/kevin/Downloads/CroppedYalecopy/yaleB35/yaleB35_P00A+020E+10.pgm,23
/home/kevin/Downloads/CroppedYalecopy/yaleB35/yaleB35_P00A-020E-40.pgm,23
/home/kevin/Downloads/CroppedYalecopy/yaleB35/yaleB35_P00A+020E-40.pgm,23
/home/kevin/Downloads/CroppedYalecopy/yaleB35/yaleB35_P00A-025E+00.pgm,23
/home/kevin/Downloads/CroppedYalecopy/yaleB35/yaleB35_P00A+025E+00.pgm,23
/home/kevin/Downloads/CroppedYalecopy/yaleB35/yaleB35_P00A-035E+15.pgm,23
/home/kevin/Downloads/CroppedYalecopy/yaleB35/yaleB35_P00A+035E+15.pgm,23
/home/kevin/Downloads/CroppedYalecopy/yaleB35/yaleB35_P00A-035E-20.pgm,23
/home/kevin/Downloads/CroppedYalecopy/yaleB35/yaleB35_P00A-035E+40.pgm,23
/home/kevin/Downloads/CroppedYalecopy/yaleB35/yaleB35_P00A+035E+40.pgm,23
/home/kevin/Downloads/CroppedYalecopy/yaleB36/yaleB36_P00A+000E+00.pgm,24
/home/kevin/Downloads/CroppedYalecopy/yaleB36/yaleB36_P00A+000E-20.pgm,24
/home/kevin/Downloads/CroppedYalecopy/yaleB36/yaleB36_P00A+000E+20.pgm,24
/home/kevin/Downloads/CroppedYalecopy/yaleB36/yaleB36_P00A+000E-35.pgm,24
/home/kevin/Downloads/CroppedYalecopy/yaleB36/yaleB36_P00A+000E+45.pgm,24
/home/kevin/Downloads/CroppedYalecopy/yaleB36/yaleB36_P00A-005E-10.pgm,24
/home/kevin/Downloads/CroppedYalecopy/yaleB36/yaleB36_P00A-005E+10.pgm,24
/home/kevin/Downloads/CroppedYalecopy/yaleB36/yaleB36_P00A+005E-10.pgm,24
/home/kevin/Downloads/CroppedYalecopy/yaleB36/yaleB36_P00A+005E+10.pgm,24
/home/kevin/Downloads/CroppedYalecopy/yaleB36/yaleB36_P00A-010E+00.pgm,24
/home/kevin/Downloads/CroppedYalecopy/yaleB36/yaleB36_P00A+010E+00.pgm,24
/home/kevin/Downloads/CroppedYalecopy/yaleB36/yaleB36_P00A-010E-20.pgm,24
/home/kevin/Downloads/CroppedYalecopy/yaleB36/yaleB36_P00A+010E-20.pgm,24
/home/kevin/Downloads/CroppedYalecopy/yaleB36/yaleB36_P00A-015E+20.pgm,24
/home/kevin/Downloads/CroppedYalecopy/yaleB36/yaleB36_P00A+015E+20.pgm,24
/home/kevin/Downloads/CroppedYalecopy/yaleB36/yaleB36_P00A-020E-10.pgm,24
/home/kevin/Downloads/CroppedYalecopy/yaleB36/yaleB36_P00A-020E+10.pgm,24
/home/kevin/Downloads/CroppedYalecopy/yaleB36/yaleB36_P00A+020E-10.pgm,24
/home/kevin/Downloads/CroppedYalecopy/yaleB36/yaleB36_P00A+020E+10.pgm,24
/home/kevin/Downloads/CroppedYalecopy/yaleB36/yaleB36_P00A+020E-40.pgm,24
/home/kevin/Downloads/CroppedYalecopy/yaleB36/yaleB36_P00A-025E+00.pgm,24
/home/kevin/Downloads/CroppedYalecopy/yaleB36/yaleB36_P00A+025E+00.pgm,24
/home/kevin/Downloads/CroppedYalecopy/yaleB36/yaleB36_P00A-035E+15.pgm,24
/home/kevin/Downloads/CroppedYalecopy/yaleB36/yaleB36_P00A+035E+15.pgm,24
/home/kevin/Downloads/CroppedYalecopy/yaleB36/yaleB36_P00A-035E-20.pgm,24
/home/kevin/Downloads/CroppedYalecopy/yaleB36/yaleB36_P00A+035E-20.pgm,24
/home/kevin/Downloads/CroppedYalecopy/yaleB36/yaleB36_P00A-035E+40.pgm,24
/home/kevin/Downloads/CroppedYalecopy/yaleB36/yaleB36_P00A+035E+40.pgm,24
/home/kevin/Downloads/CroppedYalecopy/yaleB37/yaleB37_P00A+000E+00.pgm,25
/home/kevin/Downloads/CroppedYalecopy/yaleB37/yaleB37_P00A+000E-20.pgm,25
/home/kevin/Downloads/CroppedYalecopy/yaleB37/yaleB37_P00A+000E+20.pgm,25
/home/kevin/Downloads/CroppedYalecopy/yaleB37/yaleB37_P00A+000E-35.pgm,25
/home/kevin/Downloads/CroppedYalecopy/yaleB37/yaleB37_P00A+000E+45.pgm,25
/home/kevin/Downloads/CroppedYalecopy/yaleB37/yaleB37_P00A-005E-10.pgm,25
/home/kevin/Downloads/CroppedYalecopy/yaleB37/yaleB37_P00A-005E+10.pgm,25
/home/kevin/Downloads/CroppedYalecopy/yaleB37/yaleB37_P00A+005E-10.pgm,25
/home/kevin/Downloads/CroppedYalecopy/yaleB37/yaleB37_P00A+005E+10.pgm,25
/home/kevin/Downloads/CroppedYalecopy/yaleB37/yaleB37_P00A-010E+00.pgm,25
/home/kevin/Downloads/CroppedYalecopy/yaleB37/yaleB37_P00A+010E+00.pgm,25
/home/kevin/Downloads/CroppedYalecopy/yaleB37/yaleB37_P00A-010E-20.pgm,25
/home/kevin/Downloads/CroppedYalecopy/yaleB37/yaleB37_P00A+010E-20.pgm,25
/home/kevin/Downloads/CroppedYalecopy/yaleB37/yaleB37_P00A-015E+20.pgm,25
/home/kevin/Downloads/CroppedYalecopy/yaleB37/yaleB37_P00A+015E+20.pgm,25
/home/kevin/Downloads/CroppedYalecopy/yaleB37/yaleB37_P00A-020E-10.pgm,25
/home/kevin/Downloads/CroppedYalecopy/yaleB37/yaleB37_P00A-020E+10.pgm,25
/home/kevin/Downloads/CroppedYalecopy/yaleB37/yaleB37_P00A+020E-10.pgm,25
/home/kevin/Downloads/CroppedYalecopy/yaleB37/yaleB37_P00A+020E+10.pgm,25
/home/kevin/Downloads/CroppedYalecopy/yaleB37/yaleB37_P00A-020E-40.pgm,25
/home/kevin/Downloads/CroppedYalecopy/yaleB37/yaleB37_P00A+020E-40.pgm,25
/home/kevin/Downloads/CroppedYalecopy/yaleB37/yaleB37_P00A-025E+00.pgm,25
/home/kevin/Downloads/CroppedYalecopy/yaleB37/yaleB37_P00A+025E+00.pgm,25
/home/kevin/Downloads/CroppedYalecopy/yaleB37/yaleB37_P00A-035E+15.pgm,25
/home/kevin/Downloads/CroppedYalecopy/yaleB37/yaleB37_P00A+035E+15.pgm,25
/home/kevin/Downloads/CroppedYalecopy/yaleB37/yaleB37_P00A-035E-20.pgm,25
/home/kevin/Downloads/CroppedYalecopy/yaleB37/yaleB37_P00A+035E-20.pgm,25
/home/kevin/Downloads/CroppedYalecopy/yaleB37/yaleB37_P00A+035E+40.pgm,25
/home/kevin/Downloads/CroppedYalecopy/yaleB38/yaleB38_P00A+000E+00.pgm,26
/home/kevin/Downloads/CroppedYalecopy/yaleB38/yaleB38_P00A+000E-20.pgm,26
/home/kevin/Downloads/CroppedYalecopy/yaleB38/yaleB38_P00A+000E+20.pgm,26
/home/kevin/Downloads/CroppedYalecopy/yaleB38/yaleB38_P00A+000E-35.pgm,26
/home/kevin/Downloads/CroppedYalecopy/yaleB38/yaleB38_P00A+000E+45.pgm,26
/home/kevin/Downloads/CroppedYalecopy/yaleB38/yaleB38_P00A-005E-10.pgm,26
/home/kevin/Downloads/CroppedYalecopy/yaleB38/yaleB38_P00A-005E+10.pgm,26
/home/kevin/Downloads/CroppedYalecopy/yaleB38/yaleB38_P00A+005E-10.pgm,26
/home/kevin/Downloads/CroppedYalecopy/yaleB38/yaleB38_P00A+005E+10.pgm,26
/home/kevin/Downloads/CroppedYalecopy/yaleB38/yaleB38_P00A-010E+00.pgm,26
/home/kevin/Downloads/CroppedYalecopy/yaleB38/yaleB38_P00A+010E+00.pgm,26
/home/kevin/Downloads/CroppedYalecopy/yaleB38/yaleB38_P00A-010E-20.pgm,26
/home/kevin/Downloads/CroppedYalecopy/yaleB38/yaleB38_P00A+010E-20.pgm,26
/home/kevin/Downloads/CroppedYalecopy/yaleB38/yaleB38_P00A-015E+20.pgm,26
/home/kevin/Downloads/CroppedYalecopy/yaleB38/yaleB38_P00A+015E+20.pgm,26
/home/kevin/Downloads/CroppedYalecopy/yaleB38/yaleB38_P00A-020E-10.pgm,26
/home/kevin/Downloads/CroppedYalecopy/yaleB38/yaleB38_P00A-020E+10.pgm,26
/home/kevin/Downloads/CroppedYalecopy/yaleB38/yaleB38_P00A+020E-10.pgm,26
/home/kevin/Downloads/CroppedYalecopy/yaleB38/yaleB38_P00A+020E+10.pgm,26
/home/kevin/Downloads/CroppedYalecopy/yaleB38/yaleB38_P00A-020E-40.pgm,26
/home/kevin/Downloads/CroppedYalecopy/yaleB38/yaleB38_P00A+020E-40.pgm,26
/home/kevin/Downloads/CroppedYalecopy/yaleB38/yaleB38_P00A-025E+00.pgm,26
/home/kevin/Downloads/CroppedYalecopy/yaleB38/yaleB38_P00A+025E+00.pgm,26
/home/kevin/Downloads/CroppedYalecopy/yaleB38/yaleB38_P00A-035E+15.pgm,26
/home/kevin/Downloads/CroppedYalecopy/yaleB38/yaleB38_P00A+035E+15.pgm,26
/home/kevin/Downloads/CroppedYalecopy/yaleB38/yaleB38_P00A-035E-20.pgm,26
/home/kevin/Downloads/CroppedYalecopy/yaleB38/yaleB38_P00A+035E-20.pgm,26
/home/kevin/Downloads/CroppedYalecopy/yaleB38/yaleB38_P00A+035E+40.pgm,26
/home/kevin/Downloads/CroppedYalecopy/yaleB39/yaleB39_P00A+000E+00.pgm,27
/home/kevin/Downloads/CroppedYalecopy/yaleB39/yaleB39_P00A+000E-20.pgm,27
/home/kevin/Downloads/CroppedYalecopy/yaleB39/yaleB39_P00A+000E+20.pgm,27
/home/kevin/Downloads/CroppedYalecopy/yaleB39/yaleB39_P00A+000E-35.pgm,27
/home/kevin/Downloads/CroppedYalecopy/yaleB39/yaleB39_P00A+000E+45.pgm,27
/home/kevin/Downloads/CroppedYalecopy/yaleB39/yaleB39_P00A-005E-10.pgm,27
/home/kevin/Downloads/CroppedYalecopy/yaleB39/yaleB39_P00A-005E+10.pgm,27
/home/kevin/Downloads/CroppedYalecopy/yaleB39/yaleB39_P00A+005E-10.pgm,27
/home/kevin/Downloads/CroppedYalecopy/yaleB39/yaleB39_P00A+005E+10.pgm,27
/home/kevin/Downloads/CroppedYalecopy/yaleB39/yaleB39_P00A-010E+00.pgm,27
/home/kevin/Downloads/CroppedYalecopy/yaleB39/yaleB39_P00A+010E+00.pgm,27
/home/kevin/Downloads/CroppedYalecopy/yaleB39/yaleB39_P00A-010E-20.pgm,27
/home/kevin/Downloads/CroppedYalecopy/yaleB39/yaleB39_P00A+010E-20.pgm,27
/home/kevin/Downloads/CroppedYalecopy/yaleB39/yaleB39_P00A-015E+20.pgm,27
/home/kevin/Downloads/CroppedYalecopy/yaleB39/yaleB39_P00A+015E+20.pgm,27
/home/kevin/Downloads/CroppedYalecopy/yaleB39/yaleB39_P00A-020E-10.pgm,27
/home/kevin/Downloads/CroppedYalecopy/yaleB39/yaleB39_P00A-020E+10.pgm,27
/home/kevin/Downloads/CroppedYalecopy/yaleB39/yaleB39_P00A+020E-10.pgm,27
/home/kevin/Downloads/CroppedYalecopy/yaleB39/yaleB39_P00A+020E+10.pgm,27
/home/kevin/Downloads/CroppedYalecopy/yaleB39/yaleB39_P00A-020E-40.pgm,27
/home/kevin/Downloads/CroppedYalecopy/yaleB39/yaleB39_P00A-025E+00.pgm,27
/home/kevin/Downloads/CroppedYalecopy/yaleB39/yaleB39_P00A+025E+00.pgm,27
/home/kevin/Downloads/CroppedYalecopy/yaleB39/yaleB39_P00A-035E+15.pgm,27
/home/kevin/Downloads/CroppedYalecopy/yaleB39/yaleB39_P00A+035E+15.pgm,27
/home/kevin/Downloads/CroppedYalecopy/yaleB39/yaleB39_P00A-035E-20.pgm,27
/home/kevin/Downloads/CroppedYalecopy/yaleB39/yaleB39_P00A+035E-20.pgm,27
/home/kevin/Downloads/CroppedYalecopy/yaleB39/yaleB39_P00A-035E+40.pgm,27
/home/kevin/Downloads/CroppedYalecopy/yaleB39/yaleB39_P00A+035E+40.pgm,27
